,seed,sp_dims,version,n_ensembles,dimensions,bias,n_neurons,relus_list,conns_list,neuron_type,saliences,plot,run_num,comment,seed_val,label,relus_set,input_actions,selected_action,decoded_actions,decoded_saliences,total_neurons,notes,Margin_top_bottom_t0,Margin_top2_t0,Margin_top_bottom_t1,Margin_top2_t1,Margin_top_bottom_t2,Margin_top2_t2
0,11,512,new,512,None,0.5,10,[],['cortex_stn' 'd1_gpi' 'd2_gpe' 'stn_gpi' 'stn_gpe' 'gpe_gpi' 'gpe_stn'],LIF(),[0.2 0.3 0.1],False,1,,11,1,[],"[[0.         0.         0.        ]
 [0.02854877 0.01903252 0.00951626]
 [0.05438077 0.03625385 0.01812692]
 ...
 [0.1        0.2        0.3       ]
 [0.1        0.2        0.3       ]
 [0.1        0.2        0.3       ]]","[[ 0.          0.          0.         ...  0.          0.
   0.        ]
 [-0.14283074 -0.14719273  0.         ... -0.05290039  0.12146171
   0.06495627]
 [-0.10791464 -0.0625114  -0.0597162  ...  0.02483739  0.1099031
   0.03816679]
 ...
 [ 0.38509825  0.53834848  0.52307264 ...  0.43819689  0.42824401
   0.44935312]
 [ 0.34845131  0.41756163  0.37604354 ...  0.39649694  0.59428031
   0.55235369]
 [ 0.48329746  0.42946991  0.42927235 ...  0.30586488  0.53772706
   0.44678793]]",[0 0 1 ... 1 2 2],"[[ 0.          0.          0.        ]
 [ 0.05055638  0.00318354 -0.06696905]
 [-0.01466141  0.09095604  0.08941686]
 ...
 [ 0.59316046  0.88979656  0.88157533]
 [ 0.57585895  0.74905601  0.95293834]
 [ 0.39140459  0.82639822  0.92466322]]",25600,,0.052166694936770036,-0.028563287476753962,0.2415715287292515,0.061637880838651404,0.24393554687807625,0.03586325555243597
1,11,512,new,512,None,0.5,20,[],['cortex_stn' 'd1_gpi' 'd2_gpe' 'stn_gpi' 'stn_gpe' 'gpe_gpi' 'gpe_stn'],LIF(),[0.2 0.3 0.1],False,1,,11,1,[],"[[0.         0.         0.        ]
 [0.02854877 0.01903252 0.00951626]
 [0.05438077 0.03625385 0.01812692]
 ...
 [0.1        0.2        0.3       ]
 [0.1        0.2        0.3       ]
 [0.1        0.2        0.3       ]]","[[ 0.          0.          0.         ...  0.          0.
   0.        ]
 [-0.00842282 -0.02949555 -0.08200418 ...  0.03406725 -0.03706988
  -0.04708713]
 [-0.00762128 -0.02668868  0.00696103 ...  0.00759885  0.05690471
  -0.0426062 ]
 ...
 [ 0.35480352  0.5405985   0.52700597 ...  0.45105694  0.52276975
   0.3573812 ]
 [ 0.43200503  0.52179274  0.46983442 ...  0.47471219  0.55332841
   0.39470371]
 [ 0.420084    0.4721376   0.5431702  ...  0.47937272  0.50866399
   0.46734904]]",[0 2 2 ... 2 2 2],"[[ 0.          0.          0.        ]
 [-0.10146926 -0.04954215  0.00930673]
 [-0.04863434  0.0469155   0.11473082]
 ...
 [ 0.60189994  0.67953962  0.90888044]
 [ 0.63656774  0.67878757  0.89564081]
 [ 0.62821856  0.66161669  0.85909111]]",51200,,0.24263690516482103,0.1690501638427626,0.021398054839442543,0.04250482551799728,0.05023579816349519,0.06242707890377963
2,11,512,new,512,None,0.5,50,[],['cortex_stn' 'd1_gpi' 'd2_gpe' 'stn_gpi' 'stn_gpe' 'gpe_gpi' 'gpe_stn'],LIF(),[0.2 0.3 0.1],False,1,,11,1,[],"[[0.         0.         0.        ]
 [0.02854877 0.01903252 0.00951626]
 [0.05438077 0.03625385 0.01812692]
 ...
 [0.1        0.2        0.3       ]
 [0.1        0.2        0.3       ]
 [0.1        0.2        0.3       ]]","[[ 0.          0.          0.         ...  0.          0.
   0.        ]
 [-0.0051444  -0.03067201  0.02155568 ... -0.00212852 -0.00780162
   0.00934217]
 [-0.03030011 -0.01668291  0.03934077 ...  0.05730521  0.00731109
  -0.00942347]
 ...
 [ 0.42745578  0.55727716  0.50661764 ...  0.48513256  0.54089147
   0.45839712]
 [ 0.3755839   0.54173389  0.50055165 ...  0.47286425  0.51569053
   0.45232488]
 [ 0.35864977  0.55852806  0.52861487 ...  0.46123981  0.54025421
   0.49426309]]",[0 1 1 ... 2 2 2],"[[ 0.00000000e+00  0.00000000e+00  0.00000000e+00]
 [-4.53067213e-02  3.14901070e-02  4.97652406e-04]
 [ 4.32184988e-03  6.98672848e-02 -1.14867865e-02]
 ...
 [ 5.91856577e-01  7.99733366e-01  9.32178549e-01]
 [ 5.78230742e-01  7.85740467e-01  9.35154099e-01]
 [ 5.73568017e-01  8.05091373e-01  9.80616281e-01]]",128000,,0.18140489744232444,0.06456681410828036,0.16742185915955252,0.08732034243143616,0.1609366978212535,0.04189695628427659
3,11,512,new,512,None,0.5,100,[],['cortex_stn' 'd1_gpi' 'd2_gpe' 'stn_gpi' 'stn_gpe' 'gpe_gpi' 'gpe_stn'],LIF(),[0.2 0.3 0.1],False,1,,11,1,[],"[[0.         0.         0.        ]
 [0.02854877 0.01903252 0.00951626]
 [0.05438077 0.03625385 0.01812692]
 ...
 [0.1        0.2        0.3       ]
 [0.1        0.2        0.3       ]
 [0.1        0.2        0.3       ]]","[[ 0.00000000e+00  0.00000000e+00  0.00000000e+00 ...  0.00000000e+00
   0.00000000e+00  0.00000000e+00]
 [ 2.60536423e-02 -2.83627353e-02  8.19585128e-03 ... -7.31099320e-03
  -2.17181277e-02  4.20644547e-04]
 [ 4.38945140e-04 -1.58726399e-03  1.03930222e-02 ... -1.97309429e-02
   3.02500803e-03 -1.68828031e-02]
 ...
 [ 4.01418413e-01  5.21198748e-01  5.09992237e-01 ...  4.44100605e-01
   4.77319042e-01  4.72055807e-01]
 [ 4.03088039e-01  5.37231844e-01  5.16324605e-01 ...  4.53064255e-01
   5.44313124e-01  4.97261487e-01]
 [ 4.07234876e-01  5.09719038e-01  4.77485355e-01 ...  4.42737736e-01
   5.49858828e-01  4.75579084e-01]]",[0 2 2 ... 2 2 2],"[[ 0.00000000e+00  0.00000000e+00  0.00000000e+00]
 [-6.23470532e-03  2.22904091e-03  2.34937946e-02]
 [-7.70596481e-03 -6.79368818e-04  3.67242564e-02]
 ...
 [ 5.34983358e-01  7.74214901e-01  9.55166704e-01]
 [ 5.27275653e-01  7.73755322e-01  9.47626873e-01]
 [ 5.42880200e-01  7.98282301e-01  9.92169572e-01]]",256000,,0.16800546197118868,0.044677288079311483,0.20606206596999685,0.09169327579479469,0.21427221823291773,0.07304158165718455
4,11,512,new,512,None,0.5,200,[],['cortex_stn' 'd1_gpi' 'd2_gpe' 'stn_gpi' 'stn_gpe' 'gpe_gpi' 'gpe_stn'],LIF(),[0.2 0.3 0.1],False,1,,11,1,[],"[[0.         0.         0.        ]
 [0.02854877 0.01903252 0.00951626]
 [0.05438077 0.03625385 0.01812692]
 ...
 [0.1        0.2        0.3       ]
 [0.1        0.2        0.3       ]
 [0.1        0.2        0.3       ]]","[[ 0.          0.          0.         ...  0.          0.
   0.        ]
 [-0.01222172 -0.01143852  0.00342718 ... -0.00502003 -0.00436768
  -0.01834106]
 [-0.00736194 -0.01042817 -0.01840122 ... -0.0102142  -0.00796343
  -0.01395998]
 ...
 [ 0.40657056  0.52311128  0.52099717 ...  0.43144862  0.52325621
   0.47683669]
 [ 0.40287502  0.5102139   0.50321117 ...  0.43218229  0.52943224
   0.47539   ]
 [ 0.43813945  0.51906162  0.49671285 ...  0.43752013  0.5106613
   0.45429816]]",[0 1 0 ... 2 2 2],"[[ 0.          0.          0.        ]
 [-0.02972935  0.00973265  0.00260214]
 [ 0.02231378  0.0083202   0.01706856]
 ...
 [ 0.51444724  0.79783181  0.9605088 ]
 [ 0.51580431  0.78491757  0.96473869]
 [ 0.53287938  0.78092872  0.96701125]]",512000,,0.1986499484947418,0.05638859098020965,0.21646416808492983,0.0970609206255949,0.23254580960937773,0.07740905555932676
5,9,512,new,512,None,0.5,10,[],['cortex_stn' 'd1_gpi' 'd2_gpe' 'stn_gpi' 'stn_gpe' 'gpe_gpi' 'gpe_stn'],LIF(),[0.2 0.3 0.1],False,1,,9,1,[],"[[0.         0.         0.        ]
 [0.02854877 0.01903252 0.00951626]
 [0.05438077 0.03625385 0.01812692]
 ...
 [0.1        0.2        0.3       ]
 [0.1        0.2        0.3       ]
 [0.1        0.2        0.3       ]]","[[ 0.          0.          0.         ...  0.          0.
   0.        ]
 [-0.02425696  0.00772556  0.02541143 ... -0.05266762 -0.0125694
   0.02385247]
 [-0.01519878 -0.00984936  0.00913161 ...  0.00687454  0.06300379
   0.05218063]
 ...
 [ 0.48775233  0.45075239  0.45017589 ...  0.4582469   0.41381975
   0.39711313]
 [ 0.52380596  0.35799813  0.45468942 ...  0.41463894  0.44881665
   0.39181816]
 [ 0.49997722  0.32393011  0.48299074 ...  0.47945007  0.4061061
   0.35453173]]",[0 0 0 ... 1 1 2],"[[ 0.          0.          0.        ]
 [ 0.00698276 -0.02433858 -0.10895423]
 [ 0.08744961 -0.01970104  0.01499755]
 ...
 [ 0.71464878  0.78252335  0.58124997]
 [ 0.63527633  0.72723422  0.70754355]
 [ 0.58781815  0.6139226   0.91364192]]",25600,,0.24799699500837083,0.11565417407120293,0.010334666020950428,0.17545731245114193,-0.1301619252597324,-0.0630206253727712
6,9,512,new,512,None,0.5,20,[],['cortex_stn' 'd1_gpi' 'd2_gpe' 'stn_gpi' 'stn_gpe' 'gpe_gpi' 'gpe_stn'],LIF(),[0.2 0.3 0.1],False,1,,9,1,[],"[[0.         0.         0.        ]
 [0.02854877 0.01903252 0.00951626]
 [0.05438077 0.03625385 0.01812692]
 ...
 [0.1        0.2        0.3       ]
 [0.1        0.2        0.3       ]
 [0.1        0.2        0.3       ]]","[[ 0.          0.          0.         ...  0.          0.
   0.        ]
 [-0.03165622  0.0540306   0.06428532 ...  0.02988831 -0.06290489
  -0.023504  ]
 [-0.06949959  0.0476128  -0.01781947 ...  0.02704406 -0.05981913
  -0.00861987]
 ...
 [ 0.45069458  0.36889381  0.48370785 ...  0.49610987  0.45304426
   0.41069912]
 [ 0.43582405  0.38781952  0.52956192 ...  0.49985207  0.4099314
   0.38762201]
 [ 0.4977012   0.37063046  0.51211733 ...  0.45137846  0.39536812
   0.43905306]]",[0 1 0 ... 2 2 2],"[[ 0.          0.          0.        ]
 [-0.04865056  0.00846724 -0.02441988]
 [ 0.05397083  0.04621288 -0.01764033]
 ...
 [ 0.62728359  0.66816842  0.86552499]
 [ 0.59586129  0.65085258  0.92837387]
 [ 0.60039492  0.72552928  0.89291143]]",51200,,0.13043923176737057,0.16830620780254935,0.02502903289161848,0.028048206483887728,0.03461962219079992,0.10713280230836053
7,9,512,new,512,None,0.5,50,[],['cortex_stn' 'd1_gpi' 'd2_gpe' 'stn_gpi' 'stn_gpe' 'gpe_gpi' 'gpe_stn'],LIF(),[0.2 0.3 0.1],False,1,,9,1,[],"[[0.         0.         0.        ]
 [0.02854877 0.01903252 0.00951626]
 [0.05438077 0.03625385 0.01812692]
 ...
 [0.1        0.2        0.3       ]
 [0.1        0.2        0.3       ]
 [0.1        0.2        0.3       ]]","[[ 0.          0.          0.         ...  0.          0.
   0.        ]
 [ 0.01694532  0.01429617 -0.00272067 ...  0.05442068 -0.03113148
   0.0199536 ]
 [-0.02108643 -0.00175491 -0.0396709  ... -0.02299377 -0.05096897
  -0.00609235]
 ...
 [ 0.41443244  0.46952539  0.50674592 ...  0.4484938   0.52924153
   0.46940519]
 [ 0.4402659   0.44355187  0.4792654  ...  0.44027039  0.52189896
   0.44994295]
 [ 0.45878642  0.46644413  0.51188667 ...  0.49047015  0.50406964
   0.46469008]]",[0 2 1 ... 2 2 2],"[[ 0.          0.          0.        ]
 [-0.06090035  0.0024645   0.01373261]
 [ 0.0183061   0.03822983  0.0267101 ]
 ...
 [ 0.5506297   0.70972665  0.90479189]
 [ 0.59072327  0.74008303  0.90830226]
 [ 0.57180854  0.71117863  0.93938334]]",128000,,0.11031591880944355,0.10660936716769787,0.13491610710247956,0.054189322959773634,0.1472939719503001,0.12342433801648978
8,9,512,new,512,None,0.5,100,[],['cortex_stn' 'd1_gpi' 'd2_gpe' 'stn_gpi' 'stn_gpe' 'gpe_gpi' 'gpe_stn'],LIF(),[0.2 0.3 0.1],False,1,,9,1,[],"[[0.         0.         0.        ]
 [0.02854877 0.01903252 0.00951626]
 [0.05438077 0.03625385 0.01812692]
 ...
 [0.1        0.2        0.3       ]
 [0.1        0.2        0.3       ]
 [0.1        0.2        0.3       ]]","[[ 0.00000000e+00  0.00000000e+00  0.00000000e+00 ...  0.00000000e+00
   0.00000000e+00  0.00000000e+00]
 [ 1.14391599e-02  3.28425101e-02  3.43769969e-04 ...  1.77993099e-02
  -4.92949658e-03  3.88780993e-02]
 [ 9.24346736e-03  1.75494738e-02  2.17601309e-03 ... -3.57623688e-03
   3.31092181e-02  1.42243114e-02]
 ...
 [ 4.63282864e-01  4.38468667e-01  4.81506795e-01 ...  4.40784707e-01
   4.85955802e-01  4.50967212e-01]
 [ 4.59996819e-01  4.47383738e-01  5.00294630e-01 ...  4.19946408e-01
   5.06233744e-01  4.33092274e-01]
 [ 4.69031263e-01  4.38675795e-01  5.08311992e-01 ...  4.37734188e-01
   5.31548133e-01  4.68081645e-01]]",[0 2 0 ... 2 2 2],"[[ 0.          0.          0.        ]
 [-0.02744643 -0.00963601  0.03288598]
 [ 0.02135823  0.0118327   0.00814554]
 ...
 [ 0.57417857  0.68719978  0.9504573 ]
 [ 0.58540331  0.70199001  0.90759924]
 [ 0.59596692  0.67309096  0.94977308]]",256000,,0.12598420941145969,0.14402057258132372,0.12120255334247906,0.04490768750625085,0.15057693828516447,0.16548977263255338
9,9,512,new,512,None,0.5,200,[],['cortex_stn' 'd1_gpi' 'd2_gpe' 'stn_gpi' 'stn_gpe' 'gpe_gpi' 'gpe_stn'],LIF(),[0.2 0.3 0.1],False,1,,9,1,[],"[[0.         0.         0.        ]
 [0.02854877 0.01903252 0.00951626]
 [0.05438077 0.03625385 0.01812692]
 ...
 [0.1        0.2        0.3       ]
 [0.1        0.2        0.3       ]
 [0.1        0.2        0.3       ]]","[[ 0.00000000e+00  0.00000000e+00  0.00000000e+00 ...  0.00000000e+00
   0.00000000e+00  0.00000000e+00]
 [-3.23943188e-03  6.51124937e-03  1.96909186e-02 ... -2.10464099e-02
   3.80726641e-03 -5.00920509e-03]
 [-1.23894845e-02 -1.36829484e-02  2.47548666e-05 ... -1.29214877e-02
   3.65703248e-04 -8.80676603e-03]
 ...
 [ 4.51063589e-01  4.56736004e-01  4.82610963e-01 ...  4.71583053e-01
   4.99407127e-01  4.60205315e-01]
 [ 4.48798604e-01  4.42932794e-01  4.87315894e-01 ...  4.56082011e-01
   5.09206746e-01  4.42971346e-01]
 [ 4.66935190e-01  4.72937249e-01  4.95701585e-01 ...  4.54594265e-01
   5.30176050e-01  4.43876569e-01]]",[0 0 0 ... 2 2 2],"[[ 0.00000000e+00  0.00000000e+00  0.00000000e+00]
 [ 3.48862948e-02 -7.29475645e-03  2.34516152e-04]
 [ 2.96226103e-02  9.15820921e-03  2.51816536e-02]
 ...
 [ 5.84727482e-01  6.78618582e-01  9.42888358e-01]
 [ 5.99082752e-01  6.96674772e-01  9.53988297e-01]
 [ 6.05865099e-01  6.93853198e-01  9.44142300e-01]]",512000,,0.14013360291118712,0.14474073024439704,0.1397077527034379,0.0659697717892399,0.14904849129177142,0.15359560558177565
10,21,512,new,512,None,0.5,10,[],['cortex_stn' 'd1_gpi' 'd2_gpe' 'stn_gpi' 'stn_gpe' 'gpe_gpi' 'gpe_stn'],LIF(),[0.2 0.3 0.1],False,1,,21,1,[],"[[0.         0.         0.        ]
 [0.02854877 0.01903252 0.00951626]
 [0.05438077 0.03625385 0.01812692]
 ...
 [0.1        0.2        0.3       ]
 [0.1        0.2        0.3       ]
 [0.1        0.2        0.3       ]]","[[ 0.          0.          0.         ...  0.          0.
   0.        ]
 [ 0.          0.0984858   0.         ...  0.         -0.09477303
   0.        ]
 [ 0.06924395 -0.00807337 -0.11242394 ... -0.05877979 -0.15032394
   0.06312603]
 ...
 [ 0.5004743   0.56810928  0.46822783 ...  0.46613333  0.49487019
   0.43188559]
 [ 0.58487503  0.46663737  0.42367006 ...  0.42177488  0.61479997
   0.52350577]
 [ 0.52921681  0.42223096  0.38335253 ...  0.38163769  0.62851787
   0.53681363]]",[0 0 2 ... 2 2 2],"[[ 0.          0.          0.        ]
 [ 0.00277658 -0.11225895 -0.01130868]
 [ 0.04721083 -0.1512327   0.06964231]
 ...
 [ 0.6438941   0.62726438  0.79807684]
 [ 0.65775931  0.66020684  0.91188075]
 [ 0.68160682  0.66036078  0.92901843]]",25600,,0.07247964429748074,0.1389583538927317,-0.005394381097481277,-0.013608507253414448,0.018245686574331427,0.08123119633224152
11,21,512,new,512,None,0.5,20,[],['cortex_stn' 'd1_gpi' 'd2_gpe' 'stn_gpi' 'stn_gpe' 'gpe_gpi' 'gpe_stn'],LIF(),[0.2 0.3 0.1],False,1,,21,1,[],"[[0.         0.         0.        ]
 [0.02854877 0.01903252 0.00951626]
 [0.05438077 0.03625385 0.01812692]
 ...
 [0.1        0.2        0.3       ]
 [0.1        0.2        0.3       ]
 [0.1        0.2        0.3       ]]","[[ 0.          0.          0.         ...  0.          0.
   0.        ]
 [-0.06016027 -0.07739449  0.0758357  ... -0.04015469  0.04232727
   0.03327249]
 [ 0.0255937  -0.00348391  0.06820716 ...  0.01256132 -0.04880747
   0.03584422]
 ...
 [ 0.41920346  0.50770977  0.4606422  ...  0.48881613  0.52342931
   0.50462298]
 [ 0.41469902  0.45231091  0.492642   ...  0.53102025  0.48969218
   0.52452804]
 [ 0.32924289  0.50158222  0.51935435 ...  0.51674292  0.51775375
   0.47461259]]",[0 2 2 ... 2 1 2],"[[ 0.          0.          0.        ]
 [ 0.03155843 -0.05096629  0.04727043]
 [-0.01762406 -0.08237368  0.0523448 ]
 ...
 [ 0.59925655  0.71585097  0.92729671]
 [ 0.54800786  0.80708546  0.80647489]
 [ 0.57637872  0.81186218  0.85075175]]",51200,,0.07700319148664433,-0.016005227624388052,0.18450894294727524,0.12955610131262507,0.09348049193954497,-0.01754990231708442
12,21,512,new,512,None,0.5,50,[],['cortex_stn' 'd1_gpi' 'd2_gpe' 'stn_gpi' 'stn_gpe' 'gpe_gpi' 'gpe_stn'],LIF(),[0.2 0.3 0.1],False,1,,21,1,[],"[[0.         0.         0.        ]
 [0.02854877 0.01903252 0.00951626]
 [0.05438077 0.03625385 0.01812692]
 ...
 [0.1        0.2        0.3       ]
 [0.1        0.2        0.3       ]
 [0.1        0.2        0.3       ]]","[[ 0.          0.          0.         ...  0.          0.
   0.        ]
 [-0.01630212  0.00551104  0.06056312 ... -0.01303654 -0.02402748
   0.03728342]
 [ 0.01908769  0.02914625  0.04223496 ...  0.03252678  0.0160145
   0.04380022]
 ...
 [ 0.49044449  0.45894564  0.42739278 ...  0.47304617  0.4912224
   0.53743716]
 [ 0.48495492  0.52505554  0.46626442 ...  0.43035901  0.47962615
   0.5233122 ]
 [ 0.51120773  0.49830368  0.44833136 ...  0.50293136  0.50359242
   0.49719784]]",[0 2 2 ... 2 2 2],"[[ 0.          0.          0.        ]
 [ 0.02331492 -0.01860978  0.02706255]
 [ 0.00437702 -0.02478204  0.01969941]
 ...
 [ 0.6314484   0.76131962  0.91017839]
 [ 0.63710392  0.73816869  0.93091438]
 [ 0.63957812  0.74640966  0.93838348]]",128000,,0.13947182561710456,0.10345412226603456,0.11366638228424716,0.08475645716179792,0.08479036860612463,0.07615770706345437
13,21,512,new,512,None,0.5,100,[],['cortex_stn' 'd1_gpi' 'd2_gpe' 'stn_gpi' 'stn_gpe' 'gpe_gpi' 'gpe_stn'],LIF(),[0.2 0.3 0.1],False,1,,21,1,[],"[[0.         0.         0.        ]
 [0.02854877 0.01903252 0.00951626]
 [0.05438077 0.03625385 0.01812692]
 ...
 [0.1        0.2        0.3       ]
 [0.1        0.2        0.3       ]
 [0.1        0.2        0.3       ]]","[[ 0.          0.          0.         ...  0.          0.
   0.        ]
 [ 0.01287317 -0.00923728 -0.02333987 ...  0.0175937  -0.00984117
   0.0083157 ]
 [ 0.01500726  0.00569807 -0.01265473 ... -0.03302994  0.00743398
  -0.01681731]
 ...
 [ 0.47947499  0.47078966  0.46557095 ...  0.4627147   0.5047067
   0.4946779 ]
 [ 0.48522297  0.47585308  0.46575576 ...  0.48500866  0.46455528
   0.46880559]
 [ 0.49462914  0.47836881  0.46989146 ...  0.44746683  0.48881893
   0.48020616]]",[0 2 1 ... 2 2 2],"[[ 0.          0.          0.        ]
 [-0.00922963  0.02524747  0.02552509]
 [ 0.00710047  0.02806471 -0.00305201]
 ...
 [ 0.60898428  0.74340295  0.91344938]
 [ 0.60144106  0.73920848  0.94582792]
 [ 0.62577971  0.71793478  0.94233688]]",256000,,0.1422054437692952,0.12040416717619473,0.12315113253956686,0.07636573574669103,0.10650022615303986,0.09501804496136212
14,21,512,new,512,None,0.5,200,[],['cortex_stn' 'd1_gpi' 'd2_gpe' 'stn_gpi' 'stn_gpe' 'gpe_gpi' 'gpe_stn'],LIF(),[0.2 0.3 0.1],False,1,,21,1,[],"[[0.         0.         0.        ]
 [0.02854877 0.01903252 0.00951626]
 [0.05438077 0.03625385 0.01812692]
 ...
 [0.1        0.2        0.3       ]
 [0.1        0.2        0.3       ]
 [0.1        0.2        0.3       ]]","[[ 0.          0.          0.         ...  0.          0.
   0.        ]
 [ 0.00121414  0.02099366  0.01309149 ... -0.00223717 -0.0109629
   0.01748073]
 [ 0.0092225   0.01441282  0.01388744 ...  0.01275166  0.02198981
   0.00408941]
 ...
 [ 0.50684603  0.48802507  0.46640003 ...  0.47738121  0.50783551
   0.4769543 ]
 [ 0.55037211  0.47029992  0.45294122 ...  0.46083128  0.51300885
   0.50059485]
 [ 0.52724768  0.46099532  0.47251022 ...  0.46551834  0.49486734
   0.48682949]]",[0 0 0 ... 2 2 2],"[[ 0.          0.          0.        ]
 [-0.00163456 -0.00360495 -0.00261453]
 [ 0.05105732  0.01970208  0.01586064]
 ...
 [ 0.62621802  0.72961846  0.96732499]
 [ 0.63264281  0.73592344  0.98879132]
 [ 0.63517945  0.73466858  0.97845331]]",512000,,0.1346934580919524,0.1252264669441071,0.13331662786399276,0.06732414500034889,0.13543186097221402,0.12344229369690729
15,96,512,new,512,None,0.5,10,[],['cortex_stn' 'd1_gpi' 'd2_gpe' 'stn_gpi' 'stn_gpe' 'gpe_gpi' 'gpe_stn'],LIF(),[0.2 0.3 0.1],False,1,,96,1,[],"[[0.         0.         0.        ]
 [0.02854877 0.01903252 0.00951626]
 [0.05438077 0.03625385 0.01812692]
 ...
 [0.1        0.2        0.3       ]
 [0.1        0.2        0.3       ]
 [0.1        0.2        0.3       ]]","[[ 0.          0.          0.         ...  0.          0.
   0.        ]
 [ 0.05725096 -0.00147442 -0.0849515  ... -0.03684921  0.12417307
   0.03971904]
 [ 0.00846512  0.11007813 -0.02703824 ... -0.04500252  0.05321397
   0.03593927]
 ...
 [ 0.52872449  0.46855545  0.48074234 ...  0.28663331  0.44417569
   0.58322212]
 [ 0.4784097   0.47602728  0.48179128 ...  0.39918193  0.44173984
   0.5277212 ]
 [ 0.49013395  0.48674624  0.54604864 ...  0.41628702  0.44247357
   0.51722093]]",[0 1 2 ... 2 2 2],"[[ 0.          0.          0.        ]
 [-0.03724046  0.02805045 -0.01442627]
 [-0.03979787  0.04804671  0.0644247 ]
 ...
 [ 0.53832558  0.60793722  0.76303683]
 [ 0.58220582  0.66169797  0.77066359]
 [ 0.54743182  0.6446139   0.69146976]]",25600,,0.15832575902143395,0.14466360542697398,-0.011089794821917437,0.007074294889357846,0.029571012447645567,0.08151085198539476
16,96,512,new,512,None,0.5,20,[],['cortex_stn' 'd1_gpi' 'd2_gpe' 'stn_gpi' 'stn_gpe' 'gpe_gpi' 'gpe_stn'],LIF(),[0.2 0.3 0.1],False,1,,96,1,[],"[[0.         0.         0.        ]
 [0.02854877 0.01903252 0.00951626]
 [0.05438077 0.03625385 0.01812692]
 ...
 [0.1        0.2        0.3       ]
 [0.1        0.2        0.3       ]
 [0.1        0.2        0.3       ]]","[[ 0.          0.          0.         ...  0.          0.
   0.        ]
 [-0.04804121  0.13144624 -0.08118895 ...  0.00316662 -0.04678301
   0.02798082]
 [ 0.0471222   0.04888671  0.01445377 ...  0.02576373  0.05832298
   0.10187505]
 ...
 [ 0.43214227  0.48949707  0.46385923 ...  0.48561096  0.40593352
   0.49138902]
 [ 0.43835992  0.44291527  0.41971719 ...  0.4615812   0.46740516
   0.52929637]
 [ 0.39664446  0.45152397  0.48766939 ...  0.45564861  0.42292568
   0.55103836]]",[0 1 1 ... 2 2 2],"[[ 0.          0.          0.        ]
 [-0.00480043  0.02107408  0.00998314]
 [ 0.01413482  0.04524448 -0.02381648]
 ...
 [ 0.52045037  0.70640597  0.8695415 ]
 [ 0.55910061  0.81283457  0.87210291]
 [ 0.58180236  0.78399315  0.9016316 ]]",51200,,0.14268866259533006,0.08696178913632124,0.11314204590737695,0.05117083098445774,0.11531425598301079,0.06478827154628286
17,96,512,new,512,None,0.5,50,[],['cortex_stn' 'd1_gpi' 'd2_gpe' 'stn_gpi' 'stn_gpe' 'gpe_gpi' 'gpe_stn'],LIF(),[0.2 0.3 0.1],False,1,,96,1,[],"[[0.         0.         0.        ]
 [0.02854877 0.01903252 0.00951626]
 [0.05438077 0.03625385 0.01812692]
 ...
 [0.1        0.2        0.3       ]
 [0.1        0.2        0.3       ]
 [0.1        0.2        0.3       ]]","[[ 0.          0.          0.         ...  0.          0.
   0.        ]
 [ 0.00211138  0.01028655 -0.03507727 ... -0.00726205  0.03069781
  -0.00108763]
 [-0.03548455  0.01207892  0.01835448 ...  0.00567368  0.01549388
  -0.02412566]
 ...
 [ 0.52054084  0.41369856  0.46891202 ...  0.46925557  0.49070459
   0.4744076 ]
 [ 0.51372666  0.48876129  0.50617449 ...  0.48894704  0.45818553
   0.45953273]
 [ 0.45737205  0.46294853  0.46826899 ...  0.45369967  0.46092485
   0.46348637]]",[0 0 0 ... 2 2 2],"[[0.         0.         0.        ]
 [0.02678149 0.0208467  0.02105484]
 [0.06772054 0.03216983 0.05887273]
 ...
 [0.53805155 0.78949568 0.9381793 ]
 [0.56391928 0.80274778 0.91992917]
 [0.6039139  0.79551999 0.93883531]]",128000,,0.13361038406809964,0.02937248218729338,0.1707980383026809,0.08816979215630061,0.16117097457876325,0.04983014928092433
18,96,512,new,512,None,0.5,100,[],['cortex_stn' 'd1_gpi' 'd2_gpe' 'stn_gpi' 'stn_gpe' 'gpe_gpi' 'gpe_stn'],LIF(),[0.2 0.3 0.1],False,1,,96,1,[],"[[0.         0.         0.        ]
 [0.02854877 0.01903252 0.00951626]
 [0.05438077 0.03625385 0.01812692]
 ...
 [0.1        0.2        0.3       ]
 [0.1        0.2        0.3       ]
 [0.1        0.2        0.3       ]]","[[ 0.          0.          0.         ...  0.          0.
   0.        ]
 [ 0.00130829  0.01936162 -0.0601253  ... -0.01714651 -0.02344818
  -0.00802968]
 [-0.02801696 -0.0148762  -0.0104185  ... -0.00523774  0.02035664
   0.01156152]
 ...
 [ 0.4479407   0.422702    0.46517878 ...  0.4373645   0.43564691
   0.46230644]
 [ 0.46645469  0.388593    0.48032694 ...  0.43466087  0.46414389
   0.47197961]
 [ 0.45773944  0.41790667  0.48807224 ...  0.45167903  0.44886343
   0.47851102]]",[0 1 1 ... 2 2 2],"[[ 0.          0.          0.        ]
 [-0.00489609  0.00226764 -0.01428777]
 [ 0.01923051  0.02063139 -0.00770186]
 ...
 [ 0.59595519  0.80136224  0.97565517]
 [ 0.56087591  0.80325304  0.9581476 ]
 [ 0.57597571  0.77410114  0.95392152]]",256000,,0.153760864326653,0.052909410407741,0.16681047715968242,0.07911812041512223,0.1746208064039196,0.07194985189117109
19,96,512,new,512,None,0.5,200,[],['cortex_stn' 'd1_gpi' 'd2_gpe' 'stn_gpi' 'stn_gpe' 'gpe_gpi' 'gpe_stn'],LIF(),[0.2 0.3 0.1],False,1,,96,1,[],"[[0.         0.         0.        ]
 [0.02854877 0.01903252 0.00951626]
 [0.05438077 0.03625385 0.01812692]
 ...
 [0.1        0.2        0.3       ]
 [0.1        0.2        0.3       ]
 [0.1        0.2        0.3       ]]","[[ 0.          0.          0.         ...  0.          0.
   0.        ]
 [-0.00154088  0.02564854 -0.01403085 ... -0.00441134  0.01522698
   0.00580468]
 [-0.01417127  0.01643801  0.00288753 ... -0.00793421  0.01783634
   0.00601707]
 ...
 [ 0.44777699  0.43877906  0.50236318 ...  0.4382003   0.45507442
   0.47972279]
 [ 0.47195875  0.4482199   0.50123118 ...  0.42311442  0.44067207
   0.47077575]
 [ 0.47189234  0.41541363  0.5003149  ...  0.42989058  0.42118339
   0.47747709]]",[0 2 0 ... 2 2 2],"[[ 0.          0.          0.        ]
 [ 0.01100544 -0.02263413  0.02151582]
 [ 0.04950471 -0.02716419  0.02414413]
 ...
 [ 0.5896272   0.81442879  0.95184997]
 [ 0.58439281  0.80804808  0.94389951]
 [ 0.59516397  0.7763407   0.9534839 ]]",512000,,0.17839285553004033,0.06947122360549707,0.16707116237864736,0.08666995773752595,0.1640703788097799,0.06264723706542619
20,65,512,new,512,None,0.5,10,[],['cortex_stn' 'd1_gpi' 'd2_gpe' 'stn_gpi' 'stn_gpe' 'gpe_gpi' 'gpe_stn'],LIF(),[0.2 0.3 0.1],False,1,,65,1,[],"[[0.         0.         0.        ]
 [0.02854877 0.01903252 0.00951626]
 [0.05438077 0.03625385 0.01812692]
 ...
 [0.1        0.2        0.3       ]
 [0.1        0.2        0.3       ]
 [0.1        0.2        0.3       ]]","[[ 0.          0.          0.         ...  0.          0.
   0.        ]
 [-0.01044532  0.0516983   0.06904278 ...  0.          0.
  -0.04291417]
 [-0.0250768  -0.0277431   0.06247249 ...  0.07000336  0.06863404
  -0.07759441]
 ...
 [ 0.43336399  0.51077237  0.53271401 ...  0.45881685  0.43987052
   0.3808623 ]
 [ 0.34642644  0.54023584  0.42014594 ...  0.46693729  0.46449949
   0.44148385]
 [ 0.30940715  0.5405239   0.38016376 ...  0.49250569  0.49255039
   0.49855311]]",[0 0 0 ... 2 2 2],"[[ 0.          0.          0.        ]
 [ 0.07047289 -0.07238996 -0.04775225]
 [ 0.05238148  0.02977359 -0.02755502]
 ...
 [ 0.51656116  0.78904345  0.87521785]
 [ 0.54457201  0.73035357  0.84046222]
 [ 0.57505991  0.75732836  0.81837532]]",25600,,-0.03378761863943072,-0.006671963155271521,0.1520356949585326,0.016247723086668442,0.14335917000261408,0.039909143488402576
21,65,512,new,512,None,0.5,20,[],['cortex_stn' 'd1_gpi' 'd2_gpe' 'stn_gpi' 'stn_gpe' 'gpe_gpi' 'gpe_stn'],LIF(),[0.2 0.3 0.1],False,1,,65,1,[],"[[0.         0.         0.        ]
 [0.02854877 0.01903252 0.00951626]
 [0.05438077 0.03625385 0.01812692]
 ...
 [0.1        0.2        0.3       ]
 [0.1        0.2        0.3       ]
 [0.1        0.2        0.3       ]]","[[ 0.          0.          0.         ...  0.          0.
   0.        ]
 [-0.03911273  0.05657215 -0.01362113 ... -0.06497924  0.00196492
  -0.06630454]
 [ 0.03176867  0.01393197  0.02592845 ... -0.05879564 -0.02497897
  -0.05999483]
 ...
 [ 0.50516588  0.50884478  0.52615248 ...  0.42535056  0.47002048
   0.46051311]
 [ 0.45709299  0.51279422  0.50852559 ...  0.38992074  0.50975351
   0.41848678]
 [ 0.4843692   0.4639954   0.52059246 ...  0.44255043  0.52235685
   0.4507017 ]]",[0 0 0 ... 2 2 2],"[[ 0.          0.          0.        ]
 [ 0.00511713  0.00136912 -0.0460937 ]
 [ 0.09535725  0.04729416 -0.03086082]
 ...
 [ 0.58194058  0.76946941  0.97924904]
 [ 0.58076975  0.68953411  0.98689046]
 [ 0.64841724  0.6913845   0.98098148]]",51200,,-0.001935083535397536,0.0647329627446459,0.06378818808743922,-0.0633471530165689,0.17334080698722173,0.1659743671441717
22,65,512,new,512,None,0.5,50,[],['cortex_stn' 'd1_gpi' 'd2_gpe' 'stn_gpi' 'stn_gpe' 'gpe_gpi' 'gpe_stn'],LIF(),[0.2 0.3 0.1],False,1,,65,1,[],"[[0.         0.         0.        ]
 [0.02854877 0.01903252 0.00951626]
 [0.05438077 0.03625385 0.01812692]
 ...
 [0.1        0.2        0.3       ]
 [0.1        0.2        0.3       ]
 [0.1        0.2        0.3       ]]","[[ 0.          0.          0.         ...  0.          0.
   0.        ]
 [ 0.02835839 -0.03382004 -0.0263504  ... -0.02759716  0.02438077
   0.00826854]
 [ 0.00879029  0.0214299  -0.04279779 ... -0.0211911  -0.00194084
  -0.02526601]
 ...
 [ 0.45684055  0.43432371  0.48181469 ...  0.4819037   0.42962197
   0.4730111 ]
 [ 0.47201331  0.51067187  0.47299977 ...  0.46459222  0.4138956
   0.44733698]
 [ 0.47208743  0.48781222  0.51184116 ...  0.4289963   0.44831598
   0.44697361]]",[0 0 2 ... 2 2 2],"[[ 0.          0.          0.        ]
 [ 0.00261271 -0.02527615  0.00207132]
 [ 0.0156209   0.00147099  0.06921632]
 ...
 [ 0.67786034  0.81013283  0.97821915]
 [ 0.69583875  0.79321815  0.96051003]
 [ 0.69828107  0.76674517  0.9668047 ]]",128000,,0.11561784478450451,0.07349683882200908,0.1118188113258006,0.07384625221903462,0.09073369993810851,0.061694924358257186
23,65,512,new,512,None,0.5,100,[],['cortex_stn' 'd1_gpi' 'd2_gpe' 'stn_gpi' 'stn_gpe' 'gpe_gpi' 'gpe_stn'],LIF(),[0.2 0.3 0.1],False,1,,65,1,[],"[[0.         0.         0.        ]
 [0.02854877 0.01903252 0.00951626]
 [0.05438077 0.03625385 0.01812692]
 ...
 [0.1        0.2        0.3       ]
 [0.1        0.2        0.3       ]
 [0.1        0.2        0.3       ]]","[[ 0.          0.          0.         ...  0.          0.
   0.        ]
 [ 0.00579843  0.01426335  0.02215429 ... -0.02335422  0.00902822
  -0.00137505]
 [-0.04675418  0.03211186  0.01142751 ...  0.0023659   0.01681891
  -0.01199091]
 ...
 [ 0.50241354  0.49910891  0.41919543 ...  0.4102234   0.45884351
   0.42975799]
 [ 0.48733007  0.49956852  0.43316706 ...  0.42525273  0.43092952
   0.4320126 ]
 [ 0.48468354  0.48394227  0.432851   ...  0.43508154  0.45632336
   0.46972523]]",[0 1 1 ... 2 2 2],"[[ 0.          0.          0.        ]
 [-0.00757819  0.01937753 -0.02875924]
 [ 0.02925651  0.05247268 -0.00233822]
 ...
 [ 0.64062518  0.77663381  0.98220942]
 [ 0.66423227  0.7953582   0.99791466]
 [ 0.68579992  0.82017926  0.97524876]]",256000,,0.1155194641807483,0.09932307452179157,0.11656481594133125,0.054443126988172,0.11973523203033096,0.09507129640276624
24,65,512,new,512,None,0.5,200,[],['cortex_stn' 'd1_gpi' 'd2_gpe' 'stn_gpi' 'stn_gpe' 'gpe_gpi' 'gpe_stn'],LIF(),[0.2 0.3 0.1],False,1,,65,1,[],"[[0.         0.         0.        ]
 [0.02854877 0.01903252 0.00951626]
 [0.05438077 0.03625385 0.01812692]
 ...
 [0.1        0.2        0.3       ]
 [0.1        0.2        0.3       ]
 [0.1        0.2        0.3       ]]","[[ 0.          0.          0.         ...  0.          0.
   0.        ]
 [ 0.01134602 -0.03478806 -0.01379057 ... -0.00683759 -0.01774033
  -0.0190046 ]
 [ 0.00858534 -0.00088324 -0.00836396 ... -0.0110904  -0.00192537
  -0.02104255]
 ...
 [ 0.5263208   0.509659    0.45063282 ...  0.4342301   0.42999122
   0.46511008]
 [ 0.51782983  0.47548071  0.44496731 ...  0.46038996  0.44979448
   0.46173218]
 [ 0.48434447  0.48808816  0.43885384 ...  0.44341911  0.46045546
   0.44602596]]",[0 1 0 ... 2 2 2],"[[ 0.00000000e+00  0.00000000e+00  0.00000000e+00]
 [ 3.62464992e-04  3.57128268e-02 -1.69304778e-03]
 [ 4.64629636e-02  3.42817064e-02 -6.59546458e-03]
 ...
 [ 6.73990326e-01  8.13768389e-01  1.00900487e+00]
 [ 6.76613534e-01  8.05246379e-01  9.98767710e-01]
 [ 6.66721299e-01  8.09982823e-01  9.98832948e-01]]",512000,,0.12483951068217689,0.09269136742319772,0.12775048709966705,0.06809286401134296,0.12176941315041143,0.09132329519510629
25,15,512,new,512,None,0.5,10,[],['cortex_stn' 'd1_gpi' 'd2_gpe' 'stn_gpi' 'stn_gpe' 'gpe_gpi' 'gpe_stn'],LIF(),[0.2 0.3 0.1],False,1,,15,1,[],"[[0.         0.         0.        ]
 [0.02854877 0.01903252 0.00951626]
 [0.05438077 0.03625385 0.01812692]
 ...
 [0.1        0.2        0.3       ]
 [0.1        0.2        0.3       ]
 [0.1        0.2        0.3       ]]","[[ 0.          0.          0.         ...  0.          0.
   0.        ]
 [ 0.05238293  0.01952868 -0.06068812 ...  0.05445566  0.
   0.        ]
 [-0.07125313  0.10220787 -0.08152181 ... -0.07510843  0.03361897
   0.01842324]
 ...
 [ 0.39650238  0.50449797  0.47370844 ...  0.53819143  0.46944389
   0.41424223]
 [ 0.49990537  0.45648864  0.550301   ...  0.57596209  0.42477039
   0.50078887]
 [ 0.45233308  0.413048    0.58548051 ...  0.57560771  0.38434815
   0.45313251]]",[0 1 0 ... 2 2 2],"[[ 0.          0.          0.        ]
 [ 0.00686845  0.07910311 -0.02630995]
 [ 0.10927765 -0.01143541  0.0879997 ]
 ...
 [ 0.62467009  0.7707965   0.77382391]
 [ 0.57210023  0.83655364  0.8836118 ]
 [ 0.63351861  0.69318363  0.82107168]]",25600,,0.05263699720474843,0.00827960092191915,0.09900326212505903,0.04708580492015546,0.08609195098765551,0.01871016910615564
26,15,512,new,512,None,0.5,20,[],['cortex_stn' 'd1_gpi' 'd2_gpe' 'stn_gpi' 'stn_gpe' 'gpe_gpi' 'gpe_stn'],LIF(),[0.2 0.3 0.1],False,1,,15,1,[],"[[0.         0.         0.        ]
 [0.02854877 0.01903252 0.00951626]
 [0.05438077 0.03625385 0.01812692]
 ...
 [0.1        0.2        0.3       ]
 [0.1        0.2        0.3       ]
 [0.1        0.2        0.3       ]]","[[ 0.          0.          0.         ...  0.          0.
   0.        ]
 [-0.00439808  0.02955545  0.01643868 ... -0.02277731 -0.03507818
  -0.02977721]
 [-0.06073252 -0.01721839  0.01488909 ... -0.01960901 -0.0762755
  -0.01113248]
 ...
 [ 0.39568429  0.43843939  0.48867669 ...  0.35754168  0.54418965
   0.45537604]
 [ 0.42727145  0.41734293  0.48435448 ...  0.38464258  0.49240316
   0.43854321]
 [ 0.41887425  0.49084987  0.49533532 ...  0.36601708  0.50996807
   0.39681031]]",[0 1 1 ... 2 2 2],"[[ 0.00000000e+00  0.00000000e+00  0.00000000e+00]
 [-8.03359803e-03  3.47117355e-02 -3.51621392e-02]
 [ 5.86405623e-03  4.69810626e-02 -8.28366701e-04]
 ...
 [ 6.17385160e-01  7.80726931e-01  8.68981070e-01]
 [ 6.35828104e-01  6.86084556e-01  9.41017953e-01]
 [ 6.21205698e-01  7.02187431e-01  1.00514100e+00]]",51200,,0.12142296612993406,0.08291490904256571,0.05119456801080366,0.019456839684821925,0.07960121276981355,0.06686154165005709
27,15,512,new,512,None,0.5,50,[],['cortex_stn' 'd1_gpi' 'd2_gpe' 'stn_gpi' 'stn_gpe' 'gpe_gpi' 'gpe_stn'],LIF(),[0.2 0.3 0.1],False,1,,15,1,[],"[[0.         0.         0.        ]
 [0.02854877 0.01903252 0.00951626]
 [0.05438077 0.03625385 0.01812692]
 ...
 [0.1        0.2        0.3       ]
 [0.1        0.2        0.3       ]
 [0.1        0.2        0.3       ]]","[[ 0.          0.          0.         ...  0.          0.
   0.        ]
 [ 0.00653574 -0.05227492  0.02119282 ...  0.01345784  0.04834233
   0.01246469]
 [-0.01718781 -0.01103979  0.02530193 ... -0.00673445  0.01396718
  -0.0058557 ]
 ...
 [ 0.46867015  0.55755327  0.46169042 ...  0.37127967  0.52660506
   0.52291663]
 [ 0.50112799  0.51841396  0.51752231 ...  0.35800704  0.49435399
   0.49195912]
 [ 0.49122514  0.50899459  0.47169064 ...  0.38493043  0.50175316
   0.45549269]]",[0 0 0 ... 2 2 2],"[[ 0.          0.          0.        ]
 [ 0.05701463 -0.00634793  0.02354718]
 [ 0.05355695  0.01485095  0.0202537 ]
 ...
 [ 0.64943995  0.78093567  0.96538924]
 [ 0.6289292   0.75784904  0.91933849]
 [ 0.64880036  0.77778886  0.94666219]]",128000,,0.1572797788360811,0.10614825134849737,0.08960040539886424,0.050616934544007286,0.10119543486835189,0.07157549818927833
28,15,512,new,512,None,0.5,100,[],['cortex_stn' 'd1_gpi' 'd2_gpe' 'stn_gpi' 'stn_gpe' 'gpe_gpi' 'gpe_stn'],LIF(),[0.2 0.3 0.1],False,1,,15,1,[],"[[0.         0.         0.        ]
 [0.02854877 0.01903252 0.00951626]
 [0.05438077 0.03625385 0.01812692]
 ...
 [0.1        0.2        0.3       ]
 [0.1        0.2        0.3       ]
 [0.1        0.2        0.3       ]]","[[ 0.00000000e+00  0.00000000e+00  0.00000000e+00 ...  0.00000000e+00
   0.00000000e+00  0.00000000e+00]
 [-9.15916819e-03 -1.33761480e-02 -1.39327628e-02 ... -9.73123554e-03
   4.14824609e-02 -4.88332558e-04]
 [-8.26148226e-04  2.33111849e-03 -2.01110250e-02 ...  2.94024850e-02
   2.92873477e-02  1.84048327e-02]
 ...
 [ 4.94608929e-01  5.12291819e-01  5.05485886e-01 ...  4.06906886e-01
   4.91054978e-01  4.73649873e-01]
 [ 4.72511024e-01  4.87986678e-01  4.95360373e-01 ...  3.77010023e-01
   5.09738099e-01  4.80500732e-01]
 [ 4.81774896e-01  5.15694776e-01  5.04402778e-01 ...  4.00705953e-01
   5.08690691e-01  4.80799604e-01]]",[0 2 2 ... 2 2 2],"[[ 0.00000000e+00  0.00000000e+00  0.00000000e+00]
 [-2.62784146e-02 -3.70068278e-03  7.25252196e-04]
 [ 2.98597939e-02  3.61535363e-02  4.59887188e-02]
 ...
 [ 6.42825391e-01  8.25310617e-01  9.59380859e-01]
 [ 6.22481654e-01  8.10817374e-01  9.74130373e-01]
 [ 6.48680672e-01  7.97319097e-01  9.72061670e-01]]",256000,,0.13577750340621283,0.06070945685397522,0.14078724996088562,0.07517194105823277,0.13656370004641158,0.06185354693064138
29,15,512,new,512,None,0.5,200,[],['cortex_stn' 'd1_gpi' 'd2_gpe' 'stn_gpi' 'stn_gpe' 'gpe_gpi' 'gpe_stn'],LIF(),[0.2 0.3 0.1],False,1,,15,1,[],"[[0.         0.         0.        ]
 [0.02854877 0.01903252 0.00951626]
 [0.05438077 0.03625385 0.01812692]
 ...
 [0.1        0.2        0.3       ]
 [0.1        0.2        0.3       ]
 [0.1        0.2        0.3       ]]","[[ 0.          0.          0.         ...  0.          0.
   0.        ]
 [ 0.01404252  0.00157628 -0.02309493 ... -0.00437207 -0.00628762
   0.00857668]
 [ 0.01538099 -0.01118456  0.00289906 ...  0.00652542  0.00791849
  -0.00569215]
 ...
 [ 0.48557849  0.49633263  0.46510704 ...  0.41876799  0.49094842
   0.47491864]
 [ 0.4862937   0.4778124   0.47614278 ...  0.41600938  0.50058095
   0.46508626]
 [ 0.48001129  0.49011777  0.47732914 ...  0.40467724  0.49845243
   0.47785812]]",[0 1 0 ... 2 2 2],"[[0.         0.         0.        ]
 [0.0083479  0.03507529 0.01000834]
 [0.03842762 0.01990585 0.01852872]
 ...
 [0.62483247 0.80805296 0.97973688]
 [0.6168176  0.80252602 0.97269788]
 [0.61950824 0.78883163 0.97725791]]",512000,,0.1459721173782856,0.0740103177333078,0.15041167311805578,0.06498507322121294,0.15669235006698232,0.07553166330959471
30,23,512,new,512,None,0.5,10,[],['cortex_stn' 'd1_gpi' 'd2_gpe' 'stn_gpi' 'stn_gpe' 'gpe_gpi' 'gpe_stn'],LIF(),[0.2 0.3 0.1],False,1,,23,1,[],"[[0.         0.         0.        ]
 [0.02854877 0.01903252 0.00951626]
 [0.05438077 0.03625385 0.01812692]
 ...
 [0.1        0.2        0.3       ]
 [0.1        0.2        0.3       ]
 [0.1        0.2        0.3       ]]","[[ 0.          0.          0.         ...  0.          0.
   0.        ]
 [-0.03640368  0.13282111  0.0698872  ... -0.03193977  0.
   0.09319873]
 [ 0.01871565  0.0330821   0.0658875  ...  0.0102604  -0.00470349
   0.01399834]
 ...
 [ 0.49474882  0.50647861  0.35173323 ...  0.43271885  0.4331884
   0.36026738]
 [ 0.58532856  0.50421509  0.38814859 ...  0.46267262  0.39196507
   0.48270484]
 [ 0.60277243  0.45623268  0.43245576 ...  0.45571412  0.46001014
   0.4367694 ]]",[0 2 2 ... 2 2 2],"[[ 0.          0.          0.        ]
 [-0.00647192  0.02631172  0.09669489]
 [ 0.05098952  0.12992555  0.1407278 ]
 ...
 [ 0.63512231  0.77317923  0.97876316]
 [ 0.6816203   0.62731251  0.8837483 ]
 [ 0.66379304  0.74266548  0.93550588]]",25600,,-0.007726083493595409,0.05546035008159056,0.038949594968117424,-0.044440726019387755,0.0995512196993101,0.10538746028155
31,23,512,new,512,None,0.5,20,[],['cortex_stn' 'd1_gpi' 'd2_gpe' 'stn_gpi' 'stn_gpe' 'gpe_gpi' 'gpe_stn'],LIF(),[0.2 0.3 0.1],False,1,,23,1,[],"[[0.         0.         0.        ]
 [0.02854877 0.01903252 0.00951626]
 [0.05438077 0.03625385 0.01812692]
 ...
 [0.1        0.2        0.3       ]
 [0.1        0.2        0.3       ]
 [0.1        0.2        0.3       ]]","[[ 0.          0.          0.         ...  0.          0.
   0.        ]
 [ 0.          0.01233188 -0.00442192 ... -0.04568619 -0.01543197
   0.04766706]
 [-0.03305016  0.00808609 -0.00400112 ... -0.04133857 -0.02137072
   0.01744864]
 ...
 [ 0.45807307  0.40693164  0.56553133 ...  0.45352092  0.50791349
   0.48131853]
 [ 0.4872206   0.43658651  0.5733666  ...  0.50468815  0.59362589
   0.45673007]
 [ 0.52519057  0.49631474  0.50676814 ...  0.45666072  0.53248157
   0.43912091]]",[0 0 1 ... 2 2 2],"[[ 0.          0.          0.        ]
 [-0.00618261 -0.00976679 -0.01185217]
 [ 0.01984832  0.0743999  -0.04967755]
 ...
 [ 0.68897167  0.76281796  0.8292707 ]
 [ 0.72283221  0.79015898  0.88001853]
 [ 0.72143233  0.72604556  0.91911733]]",51200,,0.1468798446166972,0.08808572537087545,0.022409600676588676,0.07878538504788235,-0.02107664953351332,0.007412141466911493
32,23,512,new,512,None,0.5,50,[],['cortex_stn' 'd1_gpi' 'd2_gpe' 'stn_gpi' 'stn_gpe' 'gpe_gpi' 'gpe_stn'],LIF(),[0.2 0.3 0.1],False,1,,23,1,[],"[[0.         0.         0.        ]
 [0.02854877 0.01903252 0.00951626]
 [0.05438077 0.03625385 0.01812692]
 ...
 [0.1        0.2        0.3       ]
 [0.1        0.2        0.3       ]
 [0.1        0.2        0.3       ]]","[[ 0.00000000e+00  0.00000000e+00  0.00000000e+00 ...  0.00000000e+00
   0.00000000e+00  0.00000000e+00]
 [-2.96736565e-02 -1.04058423e-03 -1.71117263e-03 ... -2.61193251e-02
   3.70865512e-02  1.81190390e-02]
 [-1.12895362e-04  3.78890230e-02 -9.50346630e-03 ... -7.91909986e-03
  -9.64409874e-04  2.45972365e-02]
 ...
 [ 4.69120035e-01  4.60189787e-01  5.48724510e-01 ...  4.92706336e-01
   5.30073170e-01  4.15353171e-01]
 [ 4.90671605e-01  4.75105177e-01  5.30547691e-01 ...  4.91631128e-01
   5.35658268e-01  4.67331494e-01]
 [ 5.07941931e-01  4.80694197e-01  5.42214115e-01 ...  5.08698762e-01
   4.98266103e-01  4.66332808e-01]]",[0 1 0 ... 2 2 2],"[[ 0.          0.          0.        ]
 [-0.02314639  0.02748569  0.01226958]
 [ 0.0092314   0.00236368  0.00276275]
 ...
 [ 0.68982979  0.83200047  0.96576352]
 [ 0.67366189  0.79372408  0.96607149]
 [ 0.67447686  0.79838811  0.97125004]]",128000,,0.10237262746912754,0.0741591650840383,0.09044861635475729,0.051217311009107314,0.08286069986053932,0.06705420511806104
33,23,512,new,512,None,0.5,100,[],['cortex_stn' 'd1_gpi' 'd2_gpe' 'stn_gpi' 'stn_gpe' 'gpe_gpi' 'gpe_stn'],LIF(),[0.2 0.3 0.1],False,1,,23,1,[],"[[0.         0.         0.        ]
 [0.02854877 0.01903252 0.00951626]
 [0.05438077 0.03625385 0.01812692]
 ...
 [0.1        0.2        0.3       ]
 [0.1        0.2        0.3       ]
 [0.1        0.2        0.3       ]]","[[ 0.00000000e+00  0.00000000e+00  0.00000000e+00 ...  0.00000000e+00
   0.00000000e+00  0.00000000e+00]
 [ 2.06454089e-02 -3.29113614e-02  1.29014741e-02 ... -2.61146463e-02
  -3.40729290e-02  5.33994637e-03]
 [-4.29306705e-04  2.76516342e-02  3.17016583e-02 ... -2.83247374e-02
   2.84409129e-03  2.38336746e-02]
 ...
 [ 5.11534969e-01  4.86023744e-01  4.86365883e-01 ...  4.95865222e-01
   5.13282021e-01  4.39507227e-01]
 [ 5.04910112e-01  4.64652420e-01  5.21753396e-01 ...  4.75456449e-01
   5.06951499e-01  4.35745829e-01]
 [ 4.66748237e-01  4.34883903e-01  4.79544338e-01 ...  4.97278406e-01
   5.13326150e-01  4.62049559e-01]]",[0 2 0 ... 2 2 2],"[[ 0.00000000e+00  0.00000000e+00  0.00000000e+00]
 [-2.70934221e-02 -1.46676915e-02 -1.09462894e-03]
 [ 3.79419657e-02  5.10053261e-04  2.39356923e-02]
 ...
 [ 6.68906184e-01  8.09243811e-01  9.90072138e-01]
 [ 6.74621230e-01  8.18445849e-01  9.91055354e-01]
 [ 6.85785290e-01  8.07744217e-01  1.00172003e+00]]",256000,,0.0912466285477774,0.05995783335676008,0.11043854286525465,0.05332538375168272,0.10763148613441073,0.07135533484792678
34,23,512,new,512,None,0.5,200,[],['cortex_stn' 'd1_gpi' 'd2_gpe' 'stn_gpi' 'stn_gpe' 'gpe_gpi' 'gpe_stn'],LIF(),[0.2 0.3 0.1],False,1,,23,1,[],"[[0.         0.         0.        ]
 [0.02854877 0.01903252 0.00951626]
 [0.05438077 0.03625385 0.01812692]
 ...
 [0.1        0.2        0.3       ]
 [0.1        0.2        0.3       ]
 [0.1        0.2        0.3       ]]","[[ 0.00000000e+00  0.00000000e+00  0.00000000e+00 ...  0.00000000e+00
   0.00000000e+00  0.00000000e+00]
 [-4.98901430e-03  9.71734003e-03 -7.49355173e-03 ...  1.70707173e-02
  -1.09877724e-02 -4.05509818e-04]
 [-1.51858194e-02  1.16850412e-02  1.17972292e-02 ... -6.96984585e-03
  -1.41427959e-02 -5.89047856e-03]
 ...
 [ 4.96854765e-01  4.37778757e-01  4.55631865e-01 ...  4.73924948e-01
   5.17011063e-01  4.56486323e-01]
 [ 5.05440823e-01  4.45295852e-01  4.80658576e-01 ...  4.74601748e-01
   5.19568811e-01  4.63177578e-01]
 [ 4.99594800e-01  4.56951212e-01  4.82308504e-01 ...  4.80476402e-01
   5.13752182e-01  4.52828017e-01]]",[0 1 0 ... 2 2 2],"[[ 0.00000000e+00  0.00000000e+00  0.00000000e+00]
 [-1.01766162e-03 -3.78631235e-04 -8.85098257e-03]
 [ 3.05484841e-02  2.11602957e-02  2.30763398e-02]
 ...
 [ 7.19379185e-01  7.97242494e-01  9.95062145e-01]
 [ 7.01128446e-01  8.06740341e-01  9.89854191e-01]
 [ 7.00827447e-01  8.14125696e-01  9.90960962e-01]]",512000,,0.11787354997967234,0.08616707274554858,0.10391725455786702,0.059489458896992864,0.10226203787575158,0.08078885503173128
35,35,512,new,512,None,0.5,10,[],['cortex_stn' 'd1_gpi' 'd2_gpe' 'stn_gpi' 'stn_gpe' 'gpe_gpi' 'gpe_stn'],LIF(),[0.2 0.3 0.1],False,1,,35,1,[],"[[0.         0.         0.        ]
 [0.02854877 0.01903252 0.00951626]
 [0.05438077 0.03625385 0.01812692]
 ...
 [0.1        0.2        0.3       ]
 [0.1        0.2        0.3       ]
 [0.1        0.2        0.3       ]]","[[ 0.          0.          0.         ...  0.          0.
   0.        ]
 [ 0.         -0.03370429 -0.016957   ...  0.          0.
   0.05378735]
 [ 0.         -0.04932044 -0.01534333 ... -0.11785304  0.00135746
   0.0147243 ]
 ...
 [ 0.54544516  0.44069311  0.5027513  ...  0.59362102  0.4890653
   0.53268568]
 [ 0.53691214  0.50619995  0.43795119 ...  0.58614853  0.44252459
   0.48199394]
 [ 0.4858182   0.45802866  0.39627462 ...  0.61370715  0.4004128
   0.53611527]]",[0 2 2 ... 2 2 2],"[[ 0.00000000e+00  0.00000000e+00  0.00000000e+00]
 [-5.51772476e-02  2.66422852e-03  2.32294916e-02]
 [-1.54448731e-02 -1.02312286e-02 -1.03105982e-03]
 ...
 [ 6.01881329e-01  8.11601109e-01  1.00069238e+00]
 [ 6.03078015e-01  7.93983061e-01  1.08757034e+00]
 [ 5.91066458e-01  7.71493812e-01  1.06606100e+00]]",25600,,-0.07211083479426686,-0.03152737135166239,0.11890374736163753,-0.04653984743956474,0.18957016054036277,0.10047990137304019
36,35,512,new,512,None,0.5,20,[],['cortex_stn' 'd1_gpi' 'd2_gpe' 'stn_gpi' 'stn_gpe' 'gpe_gpi' 'gpe_stn'],LIF(),[0.2 0.3 0.1],False,1,,35,1,[],"[[0.         0.         0.        ]
 [0.02854877 0.01903252 0.00951626]
 [0.05438077 0.03625385 0.01812692]
 ...
 [0.1        0.2        0.3       ]
 [0.1        0.2        0.3       ]
 [0.1        0.2        0.3       ]]","[[ 0.          0.          0.         ...  0.          0.
   0.        ]
 [-0.02571052 -0.02500814 -0.02468361 ...  0.          0.02059763
   0.01774636]
 [-0.02326384  0.00874641  0.01695052 ... -0.03184215  0.03522542
   0.0816084 ]
 ...
 [ 0.55442202  0.44438293  0.54833982 ...  0.48850031  0.52868736
   0.47275803]
 [ 0.50166179  0.46654393  0.534267   ...  0.44201336  0.50195122
   0.47598946]
 [ 0.50866541  0.38997573  0.50746434 ...  0.44839249  0.53555843
   0.43069307]]",[0 0 0 ... 2 2 2],"[[ 0.          0.          0.        ]
 [ 0.02483036 -0.04933645 -0.03631369]
 [ 0.04452354 -0.03619043 -0.09793574]
 ...
 [ 0.61060302  0.73090114  0.99105433]
 [ 0.55136637  0.76675686  0.96719984]
 [ 0.57072954  0.78262425  0.93979625]]",51200,,0.0771162290572833,0.06452859641973063,0.09648171824823601,-0.0031919613026506477,0.15552138465504103,0.10320204091046203
37,35,512,new,512,None,0.5,50,[],['cortex_stn' 'd1_gpi' 'd2_gpe' 'stn_gpi' 'stn_gpe' 'gpe_gpi' 'gpe_stn'],LIF(),[0.2 0.3 0.1],False,1,,35,1,[],"[[0.         0.         0.        ]
 [0.02854877 0.01903252 0.00951626]
 [0.05438077 0.03625385 0.01812692]
 ...
 [0.1        0.2        0.3       ]
 [0.1        0.2        0.3       ]
 [0.1        0.2        0.3       ]]","[[ 0.          0.          0.         ...  0.          0.
   0.        ]
 [ 0.00100754  0.01106488 -0.00349309 ... -0.01837551 -0.03659353
  -0.03814081]
 [ 0.0085484  -0.00566222 -0.04980565 ... -0.00506778  0.00136946
  -0.02535369]
 ...
 [ 0.53275091  0.51592892  0.50328271 ...  0.52599197  0.57952737
   0.44427667]
 [ 0.49198409  0.49739107  0.54449941 ...  0.49956245  0.56434303
   0.47024687]
 [ 0.46964551  0.470701    0.49911335 ...  0.49577546  0.55972796
   0.43538559]]",[0 0 0 ... 2 2 2],"[[ 0.          0.          0.        ]
 [ 0.03908756  0.00680468 -0.00669343]
 [ 0.05530556  0.02715348 -0.03351496]
 ...
 [ 0.64222942  0.8314068   0.92690222]
 [ 0.60397175  0.79119781  0.95253222]
 [ 0.61287607  0.80512091  0.97674558]]",128000,,0.17295804209277296,0.0591973434061992,0.12664040463662127,0.08984247862210637,0.10822370974002546,0.028163035502170697
38,35,512,new,512,None,0.5,100,[],['cortex_stn' 'd1_gpi' 'd2_gpe' 'stn_gpi' 'stn_gpe' 'gpe_gpi' 'gpe_stn'],LIF(),[0.2 0.3 0.1],False,1,,35,1,[],"[[0.         0.         0.        ]
 [0.02854877 0.01903252 0.00951626]
 [0.05438077 0.03625385 0.01812692]
 ...
 [0.1        0.2        0.3       ]
 [0.1        0.2        0.3       ]
 [0.1        0.2        0.3       ]]","[[ 0.00000000e+00  0.00000000e+00  0.00000000e+00 ...  0.00000000e+00
   0.00000000e+00  0.00000000e+00]
 [ 1.74813636e-02  2.04314316e-02  1.43728069e-02 ... -1.40837703e-02
  -1.26007913e-02  1.98054089e-02]
 [ 2.71089351e-02  3.35458604e-02  4.51236580e-04 ...  2.33310866e-02
   2.19209180e-02  1.07351680e-02]
 ...
 [ 4.88263585e-01  4.61399879e-01  5.18218709e-01 ...  4.90730766e-01
   5.02390319e-01  4.51817496e-01]
 [ 5.02942019e-01  4.67268452e-01  5.15863161e-01 ...  5.04871586e-01
   5.14131889e-01  4.30861831e-01]
 [ 5.23802871e-01  4.49109014e-01  5.27221312e-01 ...  5.18814089e-01
   5.07708610e-01  4.65430524e-01]]",[0 2 0 ... 2 2 2],"[[ 0.          0.          0.        ]
 [-0.01159654 -0.01975403 -0.01095522]
 [ 0.07827293  0.02155252  0.01045374]
 ...
 [ 0.62462475  0.80945883  0.93993759]
 [ 0.61054744  0.80679114  0.93399526]
 [ 0.5964667   0.79789361  0.97214624]]",256000,,0.15523123405908143,0.06127024976905526,0.147523594455056,0.07270209131927208,0.15337806687867747,0.06232041851954939
39,35,512,new,512,None,0.5,200,[],['cortex_stn' 'd1_gpi' 'd2_gpe' 'stn_gpi' 'stn_gpe' 'gpe_gpi' 'gpe_stn'],LIF(),[0.2 0.3 0.1],False,1,,35,1,[],"[[0.         0.         0.        ]
 [0.02854877 0.01903252 0.00951626]
 [0.05438077 0.03625385 0.01812692]
 ...
 [0.1        0.2        0.3       ]
 [0.1        0.2        0.3       ]
 [0.1        0.2        0.3       ]]","[[ 0.          0.          0.         ...  0.          0.
   0.        ]
 [ 0.00264104  0.00388181  0.00599378 ...  0.01306796 -0.0017116
   0.020822  ]
 [ 0.02325645  0.01127009 -0.00075038 ...  0.01299627  0.00072263
   0.01367883]
 ...
 [ 0.48226147  0.44974864  0.51612024 ...  0.49067448  0.51017871
   0.46135813]
 [ 0.50488369  0.44592316  0.50880982 ...  0.49119957  0.49504889
   0.45904463]
 [ 0.49991446  0.46467224  0.51838917 ...  0.51203612  0.51303813
   0.45455033]]",[0 0 0 ... 2 2 2],"[[ 0.00000000e+00  0.00000000e+00  0.00000000e+00]
 [ 7.16055690e-03  6.70213194e-03  6.71236796e-03]
 [ 2.75720199e-02  1.90967409e-02 -4.56662571e-05]
 ...
 [ 5.97565544e-01  7.97718282e-01  9.77735332e-01]
 [ 6.11247824e-01  7.99944031e-01  9.86883686e-01]
 [ 6.11308511e-01  8.27606049e-01  9.79728927e-01]]",512000,,0.15272929759995854,0.05416826888589765,0.16983551631532054,0.07790217773879349,0.17821766730086716,0.07050497561631464
40,1,512,new,512,None,0.5,10,[],['cortex_stn' 'd1_gpi' 'd2_gpe' 'stn_gpi' 'stn_gpe' 'gpe_gpi' 'gpe_stn'],LIF(),[0.2 0.3 0.1],False,1,,1,1,[],"[[0.         0.         0.        ]
 [0.02854877 0.01903252 0.00951626]
 [0.05438077 0.03625385 0.01812692]
 ...
 [0.1        0.2        0.3       ]
 [0.1        0.2        0.3       ]
 [0.1        0.2        0.3       ]]","[[ 0.          0.          0.         ...  0.          0.
   0.        ]
 [-0.01962871  0.07537386  0.         ...  0.         -0.09986809
  -0.05418476]
 [-0.01776079  0.14598757 -0.09043374 ... -0.0468513  -0.03690344
  -0.09769384]
 ...
 [ 0.4290139   0.52727818  0.3217689  ...  0.51921513  0.52746304
   0.46953604]
 [ 0.49406182  0.55488751  0.46214831 ...  0.61073612  0.58350144
   0.42485378]
 [ 0.5281434   0.50208298  0.42019221 ...  0.5526169   0.46950707
   0.36842337]]",[0 1 1 ... 1 2 2],"[[ 0.          0.          0.        ]
 [ 0.01118056  0.09547851  0.03755543]
 [-0.02145366  0.08264905 -0.08297085]
 ...
 [ 0.81285217  0.82316824  0.81525707]
 [ 0.66832585  0.87534994  0.87670728]
 [ 0.60694515  0.93625747  0.95415871]]",25600,,0.15084296518666493,-0.06642636126656576,0.1390285022180627,0.1939824822846875,-0.004327162495399023,-0.12440323658515084
41,1,512,new,512,None,0.5,20,[],['cortex_stn' 'd1_gpi' 'd2_gpe' 'stn_gpi' 'stn_gpe' 'gpe_gpi' 'gpe_stn'],LIF(),[0.2 0.3 0.1],False,1,,1,1,[],"[[0.         0.         0.        ]
 [0.02854877 0.01903252 0.00951626]
 [0.05438077 0.03625385 0.01812692]
 ...
 [0.1        0.2        0.3       ]
 [0.1        0.2        0.3       ]
 [0.1        0.2        0.3       ]]","[[ 0.          0.          0.         ...  0.          0.
   0.        ]
 [ 0.05425371  0.03542948 -0.09114433 ... -0.07291568  0.04447195
   0.04755681]
 [ 0.04838315 -0.00477942 -0.04103108 ... -0.047988    0.02671595
  -0.06054524]
 ...
 [ 0.52259533  0.42812883  0.59251596 ...  0.54127243  0.48139551
   0.47785215]
 [ 0.50823424  0.36887303  0.62541834 ...  0.55662895  0.44196683
   0.4459664 ]
 [ 0.53892874  0.40453513  0.60456067 ...  0.53341333  0.60109099
   0.43997261]]",[0 0 0 ... 2 2 2],"[[ 0.          0.          0.        ]
 [-0.00962658 -0.02090742 -0.0412204 ]
 [ 0.09393839 -0.03077346  0.03522099]
 ...
 [ 0.63894676  0.73663752  0.97754013]
 [ 0.65769112  0.69813266  0.85797134]
 [ 0.65324849  0.77795635  1.00200927]]",51200,,0.08827712602593082,0.09177206545256456,0.020431227541592406,-0.01876221744865214,0.08942109708341647,0.10153547623776316
42,1,512,new,512,None,0.5,50,[],['cortex_stn' 'd1_gpi' 'd2_gpe' 'stn_gpi' 'stn_gpe' 'gpe_gpi' 'gpe_stn'],LIF(),[0.2 0.3 0.1],False,1,,1,1,[],"[[0.         0.         0.        ]
 [0.02854877 0.01903252 0.00951626]
 [0.05438077 0.03625385 0.01812692]
 ...
 [0.1        0.2        0.3       ]
 [0.1        0.2        0.3       ]
 [0.1        0.2        0.3       ]]","[[ 0.          0.          0.         ...  0.          0.
   0.        ]
 [-0.02886447 -0.01927433  0.03825758 ... -0.00556258  0.02717942
   0.00107509]
 [-0.05881113 -0.00273942  0.02774213 ... -0.03595517  0.04835717
  -0.0200913 ]
 ...
 [ 0.52991549  0.44390242  0.52581627 ...  0.49224104  0.51649546
   0.4694932 ]
 [ 0.54766574  0.45445278  0.51083643 ...  0.48684367  0.51364423
   0.4515818 ]
 [ 0.5682355   0.43533549  0.51794423 ...  0.48306912  0.53577833
   0.43877619]]",[0 2 1 ... 2 2 2],"[[ 0.          0.          0.        ]
 [-0.01685415 -0.0206202  -0.00624966]
 [ 0.02077103  0.03292642  0.00780635]
 ...
 [ 0.66108111  0.82728228  0.96552175]
 [ 0.63662558  0.82370288  0.97719059]
 [ 0.69402455  0.84316238  0.94870166]]",128000,,0.12454217323212499,0.06647608034767061,0.09983024583118857,0.04381594299467906,0.11257445340610026,0.06125195230515601
43,1,512,new,512,None,0.5,100,[],['cortex_stn' 'd1_gpi' 'd2_gpe' 'stn_gpi' 'stn_gpe' 'gpe_gpi' 'gpe_stn'],LIF(),[0.2 0.3 0.1],False,1,,1,1,[],"[[0.         0.         0.        ]
 [0.02854877 0.01903252 0.00951626]
 [0.05438077 0.03625385 0.01812692]
 ...
 [0.1        0.2        0.3       ]
 [0.1        0.2        0.3       ]
 [0.1        0.2        0.3       ]]","[[ 0.          0.          0.         ...  0.          0.
   0.        ]
 [ 0.02163766 -0.05889285  0.04387714 ...  0.01967922 -0.04011544
   0.0100297 ]
 [ 0.02744811 -0.01899754  0.01618977 ...  0.00124483 -0.00293624
  -0.01535296]
 ...
 [ 0.50635919  0.45879231  0.53421679 ...  0.52196062  0.50043869
   0.41174725]
 [ 0.50150961  0.47835026  0.51922818 ...  0.51864351  0.52395765
   0.43050295]
 [ 0.53257357  0.46839007  0.48604278 ...  0.47533922  0.51410867
   0.43654448]]",[0 1 1 ... 2 2 2],"[[ 0.          0.          0.        ]
 [ 0.01769111  0.01988475  0.01092421]
 [ 0.02696254  0.03169322 -0.00853664]
 ...
 [ 0.68315229  0.84129752  0.9878794 ]
 [ 0.65601656  0.83287645  0.99579013]
 [ 0.65060094  0.83615437  0.99918083]]",256000,,0.12937028475735743,0.07352807356606994,0.11989364221846963,0.052084117006045205,0.1256037335234977,0.06140816595914311
44,1,512,new,512,None,0.5,200,[],['cortex_stn' 'd1_gpi' 'd2_gpe' 'stn_gpi' 'stn_gpe' 'gpe_gpi' 'gpe_stn'],LIF(),[0.2 0.3 0.1],False,1,,1,1,[],"[[0.         0.         0.        ]
 [0.02854877 0.01903252 0.00951626]
 [0.05438077 0.03625385 0.01812692]
 ...
 [0.1        0.2        0.3       ]
 [0.1        0.2        0.3       ]
 [0.1        0.2        0.3       ]]","[[ 0.          0.          0.         ...  0.          0.
   0.        ]
 [-0.00398823  0.01105941  0.01018092 ...  0.00501453 -0.00464526
  -0.03340558]
 [-0.00794412  0.00087237  0.01292556 ...  0.00569725 -0.00382378
  -0.0117534 ]
 ...
 [ 0.51521958  0.47098406  0.50292519 ...  0.49049524  0.52699585
   0.43526704]
 [ 0.50825883  0.45503939  0.50784404 ...  0.49344952  0.54784664
   0.43058562]
 [ 0.51655415  0.45870528  0.51969796 ...  0.51092487  0.51873993
   0.44242709]]",[0 2 0 ... 2 2 2],"[[ 0.          0.          0.        ]
 [-0.00674734 -0.01489211  0.00672636]
 [ 0.02978784  0.02888868  0.01039522]
 ...
 [ 0.66609366  0.82994507  1.00241496]
 [ 0.66497978  0.84181837  1.00791704]
 [ 0.67526144  0.85410185  0.99256656]]",512000,,0.12805297960052317,0.06599577851402572,0.12841862424889225,0.056514054507398104,0.1280172097624945,0.05722759988070669
45,13,512,new,512,None,0.5,10,[],['cortex_stn' 'd1_gpi' 'd2_gpe' 'stn_gpi' 'stn_gpe' 'gpe_gpi' 'gpe_stn'],LIF(),[0.2 0.3 0.1],False,1,,13,1,[],"[[0.         0.         0.        ]
 [0.02854877 0.01903252 0.00951626]
 [0.05438077 0.03625385 0.01812692]
 ...
 [0.1        0.2        0.3       ]
 [0.1        0.2        0.3       ]
 [0.1        0.2        0.3       ]]","[[ 0.          0.          0.         ...  0.          0.
   0.        ]
 [-0.02865996 -0.02049977  0.0931705  ... -0.07456686  0.01281506
   0.        ]
 [-0.12194158 -0.01854896  0.08430415 ...  0.03029067 -0.03775121
  -0.04435696]
 ...
 [ 0.36370735  0.5196045   0.27599054 ...  0.49080628  0.46083979
   0.58579685]
 [ 0.41466201  0.4701576   0.39738564 ...  0.44409989  0.5351414
   0.57675534]
 [ 0.3752017   0.62108458  0.45273989 ...  0.49959975  0.5213343
   0.52186981]]",[0 2 2 ... 2 2 2],"[[ 0.          0.          0.        ]
 [ 0.03525776  0.03922139  0.04877924]
 [-0.05502334 -0.0009506   0.04848573]
 ...
 [ 0.59564627  0.55543003  0.75194909]
 [ 0.66519085  0.63180821  0.73139805]
 [ 0.63210501  0.68477994  0.84248591]]",25600,,0.286398214796847,0.19326511820808145,-0.018772151850424496,0.09616862910058699,-0.05546284395921966,0.009108142364867455
46,13,512,new,512,None,0.5,20,[],['cortex_stn' 'd1_gpi' 'd2_gpe' 'stn_gpi' 'stn_gpe' 'gpe_gpi' 'gpe_stn'],LIF(),[0.2 0.3 0.1],False,1,,13,1,[],"[[0.         0.         0.        ]
 [0.02854877 0.01903252 0.00951626]
 [0.05438077 0.03625385 0.01812692]
 ...
 [0.1        0.2        0.3       ]
 [0.1        0.2        0.3       ]
 [0.1        0.2        0.3       ]]","[[ 0.          0.          0.         ...  0.          0.
   0.        ]
 [-0.01857559 -0.00131584 -0.01370653 ...  0.0894507  -0.02605009
   0.0292233 ]
 [ 0.0353507   0.04151826 -0.01680578 ...  0.0586353   0.0082608
   0.02841159]
 ...
 [ 0.48359158  0.4512089   0.49329464 ...  0.48512092  0.46372665
   0.44323074]
 [ 0.46562234  0.48560585  0.44635145 ...  0.50414355  0.46063837
   0.55866361]
 [ 0.45600688  0.50134628  0.51156632 ...  0.4848588   0.49970878
   0.54431932]]",[0 0 0 ... 2 2 2],"[[ 0.          0.          0.        ]
 [ 0.10953846 -0.02930183 -0.03456878]
 [ 0.16232354  0.05580934 -0.00612499]
 ...
 [ 0.56683519  0.80445871  1.00762418]
 [ 0.5737018   0.73661249  0.98091201]
 [ 0.67359445  0.74671908  0.96677912]]",51200,,0.05015057863569336,0.06730416361584068,0.13152129132463716,0.0048064060283316,0.17295586885666311,0.12128317590261772
47,13,512,new,512,None,0.5,50,[],['cortex_stn' 'd1_gpi' 'd2_gpe' 'stn_gpi' 'stn_gpe' 'gpe_gpi' 'gpe_stn'],LIF(),[0.2 0.3 0.1],False,1,,13,1,[],"[[0.         0.         0.        ]
 [0.02854877 0.01903252 0.00951626]
 [0.05438077 0.03625385 0.01812692]
 ...
 [0.1        0.2        0.3       ]
 [0.1        0.2        0.3       ]
 [0.1        0.2        0.3       ]]","[[ 0.00000000e+00  0.00000000e+00  0.00000000e+00 ...  0.00000000e+00
   0.00000000e+00  0.00000000e+00]
 [-1.73351337e-04  5.95406541e-03 -5.42034922e-03 ...  2.44283582e-02
   3.86781500e-02 -4.09506545e-02]
 [-1.56298902e-02  4.37785883e-02 -1.93964695e-03 ...  1.11310942e-02
   3.63837928e-02 -3.11314492e-02]
 ...
 [ 3.91660127e-01  4.57594845e-01  4.66291664e-01 ...  5.49183456e-01
   4.49785799e-01  4.75560811e-01]
 [ 4.23248075e-01  5.00348526e-01  4.25277246e-01 ...  5.33016894e-01
   5.01834717e-01  4.47440004e-01]
 [ 4.39965023e-01  4.83654410e-01  4.58945583e-01 ...  5.13314539e-01
   4.97335264e-01  4.20200773e-01]]",[0 0 0 ... 2 2 2],"[[ 0.          0.          0.        ]
 [ 0.03837316  0.01185816 -0.00180339]
 [ 0.06862252  0.0439622   0.02345501]
 ...
 [ 0.59508834  0.79432987  0.91488759]
 [ 0.58017317  0.78191604  0.95750949]
 [ 0.58567844  0.76427772  0.96031355]]",128000,,0.15512648998843423,0.05556934117637391,0.18991185621998705,0.11102693550769482,0.16133250111806705,0.05962356712403072
48,13,512,new,512,None,0.5,100,[],['cortex_stn' 'd1_gpi' 'd2_gpe' 'stn_gpi' 'stn_gpe' 'gpe_gpi' 'gpe_stn'],LIF(),[0.2 0.3 0.1],False,1,,13,1,[],"[[0.         0.         0.        ]
 [0.02854877 0.01903252 0.00951626]
 [0.05438077 0.03625385 0.01812692]
 ...
 [0.1        0.2        0.3       ]
 [0.1        0.2        0.3       ]
 [0.1        0.2        0.3       ]]","[[ 0.          0.          0.         ...  0.          0.
   0.        ]
 [ 0.03781898 -0.01336135  0.0019664  ...  0.01916208  0.0275369
   0.00533107]
 [ 0.00925495  0.02940171  0.01175509 ...  0.0114902   0.00454973
   0.01823959]
 ...
 [ 0.42521626  0.46615203  0.48319694 ...  0.51565056  0.4697639
   0.48437269]
 [ 0.42712334  0.46290822  0.49631214 ...  0.51249842  0.51966767
   0.48492134]
 [ 0.40382692  0.47886961  0.49322279 ...  0.48709726  0.49266451
   0.48437064]]",[0 0 0 ... 2 2 2],"[[ 0.          0.          0.        ]
 [ 0.01165423  0.0048576  -0.02367574]
 [ 0.05320606  0.01037133  0.02282705]
 ...
 [ 0.59363179  0.7483953   0.9858558 ]
 [ 0.59296194  0.76949454  0.96205634]
 [ 0.58630872  0.77985086  0.96410982]]",256000,,0.1721800418766711,0.10181690308550084,0.16972149529870004,0.07768082814972288,0.1768211193968113,0.10074499875422682
49,13,512,new,512,None,0.5,200,[],['cortex_stn' 'd1_gpi' 'd2_gpe' 'stn_gpi' 'stn_gpe' 'gpe_gpi' 'gpe_stn'],LIF(),[0.2 0.3 0.1],False,1,,13,1,[],"[[0.         0.         0.        ]
 [0.02854877 0.01903252 0.00951626]
 [0.05438077 0.03625385 0.01812692]
 ...
 [0.1        0.2        0.3       ]
 [0.1        0.2        0.3       ]
 [0.1        0.2        0.3       ]]","[[ 0.          0.          0.         ...  0.          0.
   0.        ]
 [ 0.00985355 -0.02201194 -0.01141806 ... -0.00349067 -0.01915398
  -0.00422266]
 [ 0.01683727 -0.01127308 -0.00252976 ... -0.00956282 -0.00457132
   0.00845239]
 ...
 [ 0.41607627  0.46404666  0.48804173 ...  0.5104228   0.49515614
   0.488713  ]
 [ 0.42699157  0.46621021  0.48610192 ...  0.51834005  0.5009165
   0.47784655]
 [ 0.42247824  0.4609159   0.48396855 ...  0.51683047  0.48357073
   0.46072215]]",[0 2 0 ... 2 2 2],"[[ 0.          0.          0.        ]
 [-0.00909523 -0.00969028  0.0010197 ]
 [ 0.01814471  0.00883025 -0.00479301]
 ...
 [ 0.58087684  0.76057293  0.98081887]
 [ 0.58527109  0.77114859  0.98322314]
 [ 0.57931058  0.78898399  0.94885852]]",512000,,0.1878264142992587,0.10874499705917884,0.1899716510176511,0.09514154536131214,0.187152880844311,0.09949161033649379
